studyName,Region,Island,Stage,Individual ID,Clutch Completion,Date Egg,Culmen Length (mm),Culmen Depth (mm),Flipper Length (mm),Body Mass (g),Sex,Delta 15 N (o/oo),Delta 13 C (o/oo),Comments
PAL0809,Anvers,Biscoe,"Adult, 1 Egg Stage",N5A1,Yes,09/11/2008,46.14,11.44,182.87,5708,FEMALE,8.01979,-26.68311,
PAL0910,Anvers,Biscoe,"Adult, 1 Egg Stage",N22A1,Yes,22/11/2009,47.31,16.69,187.81,5660,FEMALE,8.10231,-26.18763,
PAL0809,Anvers,Dream,"Adult, 1 Egg Stage",NP3,Yes,03/11/2007,52.42,17.17,181.62,5616,FEMALE,9.5776,-25.53059,
PAL0910,Anvers,Biscoe,"Adult, 1 Egg Stage",N39A1,Yes,22/11/2009,49.79,17.94,183.59,5691,FEMALE,8.41151,-26.13832,
PAL0910,Anvers,Dream,"Adult, 1 Egg Stage",N96A2,Yes,27/11/2009,39.16,11.02,188.94,4700,FEMALE,9.65061,-24.48153,
PAL0708,Anvers,Dream,"Adult, 1 Egg Stage",NP58,No,28/12/2007,46.44,17.71,206.44,4773,FEMALE,7.11315,-26.64442,Sexing primers did not amplify.
PAL0910,Anvers,Biscoe,"Adult, 1 Egg Stage",N58A1,Yes,12/11/2009,40.32,18.86,218.31,4973,FEMALE,8.43951,-26.57563,
PAL0910,Anvers,Biscoe,"Adult, 1 Egg Stage",N1A2,Yes,18/11/2009,43.65,19.22,224.13,4213,MALE,8.28601,-26.27573,
PAL0809,Anvers,Dream,"Adult, 1 Egg Stage",NP75,Yes,14/01/2008,36.35,21.13,213.65,5167,FEMALE,8.0395,-25.21259,
PAL0708,Anvers,Dream,"Adult, 1 Egg Stage",NP81,No,20/01/2008,39.3,10.13,178.26,5596,FEMALE,9.86965,-24.71691,
PAL0910,Anvers,Dream,"Adult, 1 Egg Stage",N85A2,Yes,17/11/2009,39.08,12.87,177.55,5745,MALE,8.8964,-26.06967,
PAL0910,Anvers,Biscoe,"Adult, 1 Egg Stage",N14A1,Yes,25/11/2009,53.54,13.35,188.49,3774,FEMALE,8.12691,-26.23613,
PAL0708,Anvers,Torgersen,"Adult, 1 Egg Stage",NP45,Yes,15/12/2007,50.67,16.93,186.26,5610,FEMALE,7.24139,-25.88827,
PAL0910,Anvers,Biscoe,"Adult, 1 Egg Stage",N38A2,No,01/12/2009,55.45,13.31,180.36,3466,,,,Adult not sampled. Nest never observed with full clutch.
PAL0708,Anvers,Torgersen,"Adult, 1 Egg Stage",NP56,Yes,26/12/2007,56.94,12.06,190.19,3360,FEMALE,8.28131,-26.79407,
PAL0708,Anvers,Biscoe,"Adult, 1 Egg Stage",N39A2,Yes,27/11/2007,55.74,12.32,189.7,2864,MALE,8.27376,-25.00169,
PAL0809,Anvers,Dream,"Adult, 1 Egg Stage",N48A1,Yes,17/11/2008,49.96,17.2,185.73,5728,FEMALE,8.90723,-26.30037,
PAL0910,Anvers,Torgersen,"Adult, 1 Egg Stage",NP35,Yes,05/12/2007,49.21,17.11,184.93,5723,FEMALE,9.22898,-26.37369,
PAL0708,Anvers,Biscoe,"Adult, 1 Egg Stage",N12A1,Yes,12/11/2007,38.15,10.69,182,5337,FEMALE,9.22286,-25.03474,
PAL0809,Anvers,Biscoe,"Adult, 1 Egg Stage",N29A1,Yes,13/11/2008,52,12.34,186.3,2800,FEMALE,8.62623,-26.1165,
PAL0809,Anvers,Biscoe,"Adult, 1 Egg Stage",N2A2,Yes,13/11/2008,56.17,12.31,193.69,3449,MALE,8.03659,-26.86127,
PAL0809,Anvers,Biscoe,"Adult, 1 Egg Stage",N23A2,Yes,09/11/2008,36.76,12.27,185.42,5762,MALE,8.35396,-26.27853,
PAL0809,Anvers,Biscoe,"Adult, 1 Egg Stage",N25A1,Yes,15/11/2008,50.24,17.07,182.12,5478,FEMALE,9.07878,-25.88156,
PAL0809,Anvers,Biscoe,"Adult, 1 Egg Stage",N51A2,Yes,09/11/2008,35.71,11.6,190.92,5104,MALE,8.49854,-26.74809,
PAL0809,Anvers,Dream,"Adult, 1 Egg Stage",N61A2,No,25/11/2008,32.88,13.67,189.03,5298,MALE,9.63074,-24.34684,Nest never observed with full clutch.
PAL0708,Anvers,Dream,"Adult, 1 Egg Stage",N62A2,Yes,26/11/2007,44.72,21.06,202.4,4618,FEMALE,8.64701,-24.62717,
PAL0708,Anvers,Torgersen,"Adult, 1 Egg Stage",NP78,No,17/01/2008,41.9,11.25,185.32,5979,,8.98897,-24.22187,
PAL0809,Anvers,Dream,"Adult, 1 Egg Stage",NP6,No,06/11/2007,49.16,18.6,181.3,5995,MALE,8.84851,-25.32698,
PAL0708,Anvers,Biscoe,"Adult, 1 Egg Stage",N40A2,Yes,27/11/2007,35.35,13.18,180.4,6300,MALE,7.96491,-25.39587,
PAL0910,Anvers,Dream,"Adult, 1 Egg Stage",NP7,Yes,07/11/2007,43.68,17.4,220.7,3885,FEMALE,7.13188,-26.15286,No blood sample obtained for sexing.
PAL0910,Anvers,Dream,"Adult, 1 Egg Stage",N98A2,Yes,19/11/2009,40.47,19.27,217.08,5500,MALE,9.70465,-24.53494,
PAL0910,Anvers,Dream,"Adult, 1 Egg Stage",N95A1,Yes,21/11/2009,53.16,16.44,189.5,5673,MALE,9.74492,-24.404,
PAL0910,Anvers,Dream,"Adult, 1 Egg Stage",NP29,Yes,29/11/2007,53.08,11.86,189.96,3382,FEMALE,8.55284,-25.3857,
PAL0708,Anvers,Biscoe,"Adult, 1 Egg Stage",N37A2,Yes,29/11/2007,57.13,11.34,180.94,3534,MALE,7.8208,-25.48025,
PAL0809,Anvers,Dream,"Adult, 1 Egg Stage",N48A2,Yes,17/11/2008,46.27,22.42,207.05,4226,MALE,8.48204,-26.57941,
PAL0809,Anvers,Dream,"Adult, 1 Egg Stage",NP17,No,17/11/2007,42.78,20.14,218.07,4484,MALE,7.85154,-25.80969,
PAL0708,Anvers,Dream,"Adult, 1 Egg Stage",NP87,Yes,26/01/2008,51.17,14.98,190.63,5597,MALE,9.2854,-24.98482,
PAL0910,Anvers,Biscoe,"Adult, 1 Egg Stage",NP34,Yes,04/12/2007,42.23,11.03,184.5,5155,FEMALE,9.05927,-25.69866,
PAL0809,Anvers,Dream,"Adult, 1 Egg Stage",N75A2,Yes,14/11/2008,57.24,11.92,185.33,3687,FEMALE,9.36493,-24.66259,
PAL0708,Anvers,Dream,"Adult, 1 Egg Stage",N89A1,No,28/11/2007,55.47,13.43,186.9,3300,FEMALE,9.74144,-24.59467,Nest never observed with full clutch.
PAL0708,Anvers,Dream,"Adult, 1 Egg Stage",N66A1,Yes,28/11/2007,36.69,11.16,186.56,4955,FEMALE,8.85664,-24.55644,
PAL0708,Anvers,Dream,"Adult, 1 Egg Stage",N30A1,Yes,13/11/2007,49.45,15.59,180.86,5596,FEMALE,9.51784,-25.07683,
PAL0809,Anvers,Torgersen,"Adult, 1 Egg Stage",N39A1,Yes,02/11/2008,,16.85,182.1,6049,FEMALE,7.69778,-26.5387,
PAL0708,Anvers,Torgersen,"Adult, 1 Egg Stage",N8A1,Yes,16/11/2007,38.92,12.3,183.04,5002,MALE,8.55583,-25.22588,
PAL0708,Anvers,Dream,"Adult, 1 Egg Stage",N26A1,Yes,16/11/2007,36.39,13.33,193.15,5106,FEMALE,9.68933,-24.4228,
PAL0708,Anvers,Biscoe,"Adult, 1 Egg Stage",N33A2,Yes,18/11/2007,42.79,19.59,225.64,4251,FEMALE,7.9953,-25.32829,
PAL0708,Anvers,Dream,"Adult, 1 Egg Stage",N89A2,No,28/11/2007,46.72,18.42,216.2,4528,MALE,9.36799,-24.47142,Nest never observed with full clutch.
PAL0708,Anvers,Dream,"Adult, 1 Egg Stage",N68A2,Yes,28/11/2007,47.97,17.71,187.42,5765,MALE,8.68747,-24.38751,
PAL0708,Anvers,Dream,"Adult, 1 Egg Stage",N30A2,Yes,13/11/2007,45.98,21.41,213.69,4731,MALE,8.87988,-25.18543,
PAL0708,Anvers,Biscoe,"Adult, 1 Egg Stage",N44A1,Yes,29/11/2007,41.21,14.13,177.98,5529,FEMALE,7.68528,-25.39181,
PAL0910,Anvers,Dream,"Adult, 1 Egg Stage",N79A2,No,16/11/2009,46.43,20.01,214.42,4054,MALE,9.25769,-25.88798,Nest never observed with full clutch.
PAL0708,Anvers,Torgersen,"Adult, 1 Egg Stage",NP86,Yes,25/01/2008,39.15,13.11,194.47,5697,FEMALE,8.07479,-24.82522,
PAL0809,Anvers,Biscoe,"Adult, 1 Egg Stage",N2A1,Yes,13/11/2008,45.3,18.04,217.23,5324,FEMALE,7.89744,-26.63405,
PAL0809,Anvers,Biscoe,"Adult, 1 Egg Stage",N22A2,Yes,09/11/2008,50.46,16.22,183.06,5255,MALE,8.48095,-26.3146,
PAL0910,Anvers,Dream,"Adult, 1 Egg Stage",N83A1,Yes,13/11/2009,36.03,10.45,182.03,4916,MALE,9.11006,-25.79549,
PAL0910,Anvers,Dream,"Adult, 1 Egg Stage",N87A1,Yes,27/11/2009,54.98,12.28,193.93,2850,FEMALE,9.46819,-24.45721,
PAL0809,Anvers,Torgersen,"Adult, 1 Egg Stage",N38A1,Yes,09/11/2008,52.52,17.18,184.02,5655,FEMALE,7.82381,-26.51382,
PAL0809,Anvers,Dream,"Adult, 1 Egg Stage",N49A1,Yes,08/11/2008,52.71,12.95,195.42,3477,FEMALE,8.10277,-26.50086,
PAL0809,Anvers,Dream,"Adult, 1 Egg Stage",N46A1,Yes,05/11/2008,49.56,16.61,184.29,5750,FEMALE,8.01485,-26.69543,
PAL0809,Anvers,Biscoe,"Adult, 1 Egg Stage",N53A2,Yes,13/11/2008,38.2,12.77,179.47,5462,MALE,8.63551,-26.74249,
PAL0708,Anvers,Dream,"Adult, 1 Egg Stage",N67A2,Yes,21/11/2007,45.96,24.99,218.81,5114,MALE,8.79581,-24.36088,
PAL0809,Anvers,Dream,"Adult, 1 Egg Stage",N74A1,Yes,24/11/2008,55.92,12.5,187.33,3371,MALE,9.53262,-24.66867,
PAL0809,Anvers,Biscoe,"Adult, 1 Egg Stage",N6A1,No,04/11/2008,48.49,15.29,178.78,5798,FEMALE,8.14567,-26.59467,Nest never observed with full clutch.
PAL0910,Anvers,Biscoe,"Adult, 1 Egg Stage",N29A1,Yes,09/11/2009,36.76,13.58,197.87,5184,FEMALE,8.4207,-26.38092,
PAL0708,Anvers,Biscoe,"Adult, 1 Egg Stage",NP27,Yes,27/11/2007,47.87,16.01,177.97,5742,MALE,8.72393,-26.24787,
PAL0910,Anvers,Biscoe,"Adult, 1 Egg Stage",N6A1,Yes,15/11/2009,45.22,16.31,216.95,4321,FEMALE,8.19101,-26.24369,
PAL0910,Anvers,Biscoe,"Adult, 1 Egg Stage",N61A1,Yes,17/11/2009,55.98,13.07,191.52,3185,FEMALE,8.80967,-26.78958,
PAL0910,Anvers,Biscoe,"Adult, 1 Egg Stage",N24A1,Yes,01/12/2009,40.36,18.54,220.64,3880,,8.25818,-26.23886,Sexing primers did not amplify.
PAL0910,Anvers,Biscoe,"Adult, 1 Egg Stage",N47A1,Yes,09/11/2009,50.93,17.22,184.38,5710,FEMALE,8.84451,-26.28055,
PAL0910,Anvers,Dream,"Adult, 1 Egg Stage",N78A2,Yes,16/11/2009,47.44,18.79,214.37,3999,MALE,8.95998,-26.32601,
PAL0910,Anvers,Torgersen,"Adult, 1 Egg Stage",N73A1,No,23/11/2009,48.66,16.15,179.71,5888,FEMALE,8.9846,-25.57956,Nest never observed with full clutch.
PAL0910,Anvers,Dream,"Adult, 1 Egg Stage",N94A1,Yes,21/11/2009,37.6,11.72,171,5299,FEMALE,9.62357,-24.78984,
PAL0910,Anvers,Biscoe,"Adult, 1 Egg Stage",N43A2,Yes,22/11/2009,47.36,16.69,181.93,5587,MALE,8.3639,-26.15531,
PAL0809,Anvers,Biscoe,"Adult, 1 Egg Stage",N18A1,Yes,03/11/2008,47.3,20.29,224.34,4533,FEMALE,8.65015,-26.79053,
PAL0910,Anvers,Biscoe,"Adult, 1 Egg Stage",NP42,No,12/12/2007,39.4,17.16,223.23,4935,FEMALE,7.19136,-25.47206,
PAL0708,Anvers,Dream,"Adult, 1 Egg Stage",N72A1,Yes,30/11/2007,40.46,14.06,188.65,5185,FEMALE,9.32105,-24.64162,
PAL0809,Anvers,Torgersen,"Adult, 1 Egg Stage",NP5,Yes,05/11/2007,48.13,16.09,184,5456,MALE,7.5469,-24.78346,
PAL0708,Anvers,Dream,"Adult, 1 Egg Stage",N85A2,No,28/11/2007,38.6,11.07,193.7,5520,MALE,9.28153,-24.97134,Nest never observed with full clutch.
PAL0809,Anvers,Biscoe,"Adult, 1 Egg Stage",N17A2,Yes,06/11/2008,55.91,12,188.79,3441,MALE,8.74647,-26.79846,
PAL0809,Anvers,Torgersen,"Adult, 1 Egg Stage",NP83,Yes,22/01/2008,48.78,17.81,183.41,5656,FEMALE,7.66069,-26.72433,
PAL0910,Anvers,Dream,"Adult, 1 Egg Stage",N90A1,Yes,21/11/2009,54.48,11.85,199.24,3237,FEMALE,9.46929,-24.48403,
PAL0809,Anvers,Biscoe,"Adult, 1 Egg Stage",N24A2,Yes,15/11/2008,40.18,13.25,189.92,5508,MALE,8.56674,-25.98843,
PAL0708,Anvers,Dream,"Adult, 1 Egg Stage",N24A2,Yes,16/11/2007,50.29,,183.81,6107,FEMALE,8.04787,-25.49523,
PAL0809,Anvers,Dream,"Adult, 1 Egg Stage",N42A2,Yes,08/11/2008,53.73,16.15,219.68,3680,FEMALE,8.59147,-26.08165,
PAL0809,Anvers,Biscoe,"Adult, 1 Egg Stage",N60A2,Yes,09/11/2008,43.59,17.23,223.12,4914,MALE,8.19749,-26.65931,
PAL0910,Anvers,Torgersen,"Adult, 1 Egg Stage",N64A1,Yes,22/11/2009,40.66,20.09,209.01,4635,FEMALE,8.96436,-23.90309,
PAL0708,Anvers,Dream,"Adult, 1 Egg Stage",N24A1,Yes,16/11/2007,57.68,12.39,190.73,3033,MALE,9.18985,-25.12255,
PAL0910,Anvers,Biscoe,"Adult, 1 Egg Stage",N18A1,Yes,01/12/2009,56.23,13.12,188.6,2589,FEMALE,8.15566,-26.22848,
PAL0809,Anvers,Dream,"Adult, 1 Egg Stage",N44A1,Yes,08/11/2008,35.03,12.7,188.7,5204,MALE,9.07826,-26.12417,
PAL0708,Anvers,Biscoe,"Adult, 1 Egg Stage",N31A2,Yes,27/11/2007,48.12,16.58,182.86,5723,MALE,8.14756,-25.39369,
PAL0809,Anvers,Torgersen,"Adult, 1 Egg Stage",NP74,Yes,13/01/2008,56.7,12.82,195.83,3464,MALE,9.69403,-26.85426,No blood sample obtained.
PAL0708,Anvers,Torgersen,"Adult, 1 Egg Stage",NP41,Yes,11/12/2007,47.44,17.36,184.68,5502,MALE,9.18779,-25.23887,Sexing primers did not amplify.
PAL0910,Anvers,Dream,"Adult, 1 Egg Stage",N100A2,Yes,21/11/2009,55.74,12.4,189.03,2856,FEMALE,9.39305,-24.25255,
PAL0910,Anvers,Torgersen,"Adult, 1 Egg Stage",NP63,Yes,02/01/2008,54.72,13.28,197.08,3637,MALE,9.02865,-26.02839,
PAL0809,Anvers,Torgersen,"Adult, 1 Egg Stage",NP23,No,23/11/2007,52.71,10.96,198.8,2988,MALE,7.58875,-25.4552,
PAL0910,Anvers,Dream,"Adult, 1 Egg Stage",N100A1,Yes,21/11/2009,56.99,12.46,190.13,4140,MALE,9.98044,-24.68741,
PAL0910,Anvers,Biscoe,"Adult, 1 Egg Stage",NP14,Yes,14/11/2007,57.74,12.98,189.96,3026,MALE,9.22631,-25.13111,
PAL0910,Anvers,Dream,"Adult, 1 Egg Stage",NP2,Yes,02/11/2007,36.01,10.03,176.75,5337,MALE,7.07201,-25.84445,
PAL0910,Anvers,Dream,"Adult, 1 Egg Stage",N77A1,Yes,13/11/2009,55.53,13.26,185.34,2811,FEMALE,8.717,-25.77951,
PAL0708,Anvers,Dream,"Adult, 1 Egg Stage",N25A1,No,13/11/2007,53.78,12.67,196.81,3822,FEMALE,9.41131,-25.04169,Nest never observed with full clutch.
PAL0708,Anvers,Biscoe,"Adult, 1 Egg Stage",N36A2,No,27/11/2007,41.53,17.4,214.04,5020,MALE,8.10417,-25.50562,Nest never observed with full clutch.
PAL0809,Anvers,Dream,"Adult, 1 Egg Stage",N49A2,Yes,08/11/2008,34.11,11.22,185.33,5988,MALE,8.39459,-26.01152,
PAL0708,Anvers,Biscoe,"Adult, 1 Egg Stage",N56A2,Yes,03/12/2007,42.68,17.87,207.81,4096,MALE,7.76843,-25.6821,
PAL0809,Anvers,Biscoe,"Adult, 1 Egg Stage",NP51,Yes,21/12/2007,48.76,19.05,207.12,4763,FEMALE,9.37223,-26.91377,
PAL0708,Anvers,Dream,"Adult, 1 Egg Stage",N27A2,Yes,19/11/2007,43.59,21.46,194.78,4950,MALE,9.2372,-24.52698,
PAL0809,Anvers,Dream,"Adult, 1 Egg Stage",N41A2,Yes,17/11/2008,43.55,12.99,185.46,5871,MALE,9.14863,-26.09635,
PAL0910,Anvers,Biscoe,"Adult, 1 Egg Stage",N55A1,Yes,20/11/2009,40.2,19.41,216.35,4257,FEMALE,9.79532,-25.27385,
PAL0809,Anvers,Biscoe,"Adult, 1 Egg Stage",N53A1,Yes,13/11/2008,52.89,20.63,203.07,4269,FEMALE,8.64931,-26.68867,
PAL0708,Anvers,Dream,"Adult, 1 Egg Stage",N25A2,No,13/11/2007,38.03,10.88,182.53,4873,MALE,,,Nest never observed with full clutch. Not enough blood for isotopes.
PAL0708,Anvers,Biscoe,"Adult, 1 Egg Stage",N42A2,Yes,27/11/2007,55.3,12.96,191,3739,MALE,7.90971,-25.38157,
PAL0708,Anvers,Torgersen,"Adult, 1 Egg Stage",N1A1,Yes,11/11/2007,55.68,11.44,192.64,3274,MALE,,,Not enough blood for isotopes.
PAL0708,Anvers,Biscoe,"Adult, 1 Egg Stage",N40A1,Yes,27/11/2007,49.66,17.82,186.86,5277,FEMALE,7.84057,-25.37899,
PAL0910,Anvers,Torgersen,"Adult, 1 Egg Stage",N71A1,Yes,21/11/2009,49.47,15.57,186.85,5706,FEMALE,8.88098,-25.89741,
PAL0910,Anvers,Dream,"Adult, 1 Egg Stage",NP21,No,21/11/2007,51.36,19.66,205.01,5000,MALE,7.01499,-25.59969,
PAL0708,Anvers,Dream,"Adult, 1 Egg Stage",NP55,Yes,25/12/2007,47.25,21.13,213.97,5045,FEMALE,9.02943,-26.56249,
PAL0910,Anvers,Biscoe,"Adult, 1 Egg Stage",N15A2,Yes,25/11/2009,50.06,18.69,215.02,3778,MALE,8.36701,-25.89834,
PAL0809,Anvers,Biscoe,"Adult, 1 Egg Stage",N24A1,Yes,15/11/2008,51.33,17.21,183.81,5811,FEMALE,8.57199,-26.07188,
PAL0910,Anvers,Dream,"Adult, 1 Egg Stage",N94A2,Yes,21/11/2009,59.6,13.48,194.8,3443,MALE,9.88809,-24.59513,
PAL0708,Anvers,Dream,"Adult, 1 Egg Stage",N21A1,Yes,09/11/2007,41.25,11.45,186.02,5147,FEMALE,9.69756,-25.11223,
PAL0708,Anvers,Dream,"Adult, 1 Egg Stage",N85A1,No,28/11/2007,37.02,11.68,186.7,5141,FEMALE,9.35416,-25.01185,Nest never observed with full clutch.
PAL0708,Anvers,Biscoe,"Adult, 1 Egg Stage",NP84,No,23/01/2008,47.84,18.15,207.74,4778,,7.99378,-26.16202,
PAL0708,Anvers,Biscoe,"Adult, 1 Egg Stage",NP47,No,17/12/2007,40.08,13.21,189.99,5490,,8.35433,-26.96122,
PAL0809,Anvers,Dream,"Adult, 1 Egg Stage",NP16,Yes,16/11/2007,36.47,10.47,180.54,4815,MALE,9.10461,-24.43565,
PAL0809,Anvers,Biscoe,"Adult, 1 Egg Stage",N14A1,Yes,04/11/2008,44.16,19.96,208.35,5613,FEMALE,8.51951,-27.01854,
PAL0708,Anvers,Dream,"Adult, 1 Egg Stage",N73A1,Yes,03/12/2007,35.79,12.54,182.54,5555,FEMALE,9.35138,-24.6879,
PAL0910,Anvers,Biscoe,"Adult, 1 Egg Stage",N60A1,Yes,15/11/2009,44.86,20.25,205.19,3833,FEMALE,9.02657,-26.06203,
PAL0910,Anvers,Dream,"Adult, 1 Egg Stage",N88A1,Yes,23/11/2009,37.37,17.93,211.04,5073,MALE,9.6895,-24.43062,
PAL0708,Anvers,Biscoe,"Adult, 1 Egg Stage",N47A1,Yes,29/11/2007,51.03,16.7,184.76,5700,FEMALE,7.6887,-25.50811,
PAL0708,Anvers,Biscoe,"Adult, 1 Egg Stage",N50A1,Yes,29/11/2007,53.44,11.04,190.51,3251,MALE,,,Not enough blood for isotopes.
PAL0708,Anvers,Torgersen,"Adult, 1 Egg Stage",N8A2,Yes,16/11/2007,55.66,12.31,193.1,3156,FEMALE,,,Not enough blood for isotopes.
PAL0809,Anvers,Dream,"Adult, 1 Egg Stage",N67A2,Yes,25/11/2008,41.95,12.3,187.32,5166,FEMALE,9.07825,-25.1455,
PAL0809,Anvers,Biscoe,"Adult, 1 Egg Stage",N7A2,Yes,04/11/2008,55.21,11.36,189.63,3082,MALE,8.26548,-26.7699,
PAL0809,Anvers,Torgersen,"Adult, 1 Egg Stage",N34A2,Yes,14/11/2008,33.21,12.62,181.94,5532,MALE,9.29808,-25.23453,
PAL0809,Anvers,Torgersen,"Adult, 1 Egg Stage",N40A1,Yes,07/11/2008,40.93,10.78,188.36,5856,FEMALE,7.88494,-26.24837,
PAL0708,Anvers,Biscoe,"Adult, 1 Egg Stage",N18A2,No,10/11/2007,36.85,11.54,187.63,5162,MALE,8.90027,-25.11609,Nest never observed with full clutch.
PAL0910,Anvers,Biscoe,"Adult, 1 Egg Stage",N38A1,No,01/12/2009,55.46,12.24,192.14,3205,FEMALE,7.99184,-26.20538,Nest never observed with full clutch.
PAL0910,Anvers,Biscoe,"Adult, 1 Egg Stage",N49A1,Yes,15/11/2009,52.31,17.2,183.11,5844,FEMALE,9.2151,-26.2253,
PAL0809,Anvers,Torgersen,"Adult, 1 Egg Stage",N36A1,Yes,08/11/2008,44.85,18.92,200.06,4508,FEMALE,8.70642,-26.15003,
PAL0708,Anvers,Biscoe,"Adult, 1 Egg Stage",NP49,Yes,19/12/2007,40.81,19.4,216.72,4149,FEMALE,9.54471,-25.15333,
PAL0809,Anvers,Dream,"Adult, 1 Egg Stage",NP68,Yes,07/01/2008,41.84,19.24,225.36,3773,MALE,7.72161,-24.88157,
PAL0809,Anvers,Dream,"Adult, 1 Egg Stage",NP62,Yes,01/01/2008,38.23,12.77,185.66,5330,MALE,7.32721,-24.67413,
PAL0910,Anvers,Dream,"Adult, 1 Egg Stage",N84A1,Yes,17/11/2009,51.44,13.44,187.99,3066,FEMALE,8.94332,-25.79189,
PAL0708,Anvers,Torgersen,"Adult, 1 Egg Stage",N2A1,Yes,16/11/2007,35.26,11.17,185.32,5406,FEMALE,8.36821,-25.33302,
PAL0708,Anvers,Torgersen,"Adult, 1 Egg Stage",N4A1,No,15/11/2007,41.2,20.35,217.2,4160,FEMALE,9.18718,-25.21799,Nest never observed with full clutch.
PAL0708,Anvers,Biscoe,"Adult, 1 Egg Stage",N34A1,Yes,27/11/2007,54.16,11.79,197.09,3197,FEMALE,8.24515,-25.46782,
PAL0708,Anvers,Dream,"Adult, 1 Egg Stage",N23A1,Yes,16/11/2007,44,22.84,213.06,4679,FEMALE,9.17847,-25.23061,
PAL0809,Anvers,Torgersen,"Adult, 1 Egg Stage",N35A1,Yes,11/11/2008,47.01,17.85,183.63,5878,FEMALE,8.33524,-26.55351,
PAL0910,Anvers,Torgersen,"Adult, 1 Egg Stage",N72A2,Yes,18/11/2009,50.51,17.78,184.53,5787,MALE,9.10702,-26.01363,
PAL0809,Anvers,Biscoe,"Adult, 1 Egg Stage",NP61,Yes,31/12/2007,55.28,11.38,194.39,3105,MALE,7.30053,-26.53377,
PAL0910,Anvers,Biscoe,"Adult, 1 Egg Stage",N19A1,Yes,27/11/2009,41.64,13.31,192.94,5561,FEMALE,8.20106,-26.16524,
PAL0910,Anvers,Biscoe,"Adult, 1 Egg Stage",N39A2,Yes,22/11/2009,35.01,19.33,209.52,4966,MALE,8.30166,-26.04117,
PAL0708,Anvers,Dream,"Adult, 1 Egg Stage",N69A1,Yes,26/11/2007,53.82,12.83,185.1,3333,FEMALE,8.72037,-24.80526,
PAL0809,Anvers,Torgersen,"Adult, 1 Egg Stage",NP64,Yes,03/01/2008,51.37,17.68,185.96,5373,FEMALE,9.35983,-24.06926,
PAL0809,Anvers,Biscoe,"Adult, 1 Egg Stage",N14A2,Yes,04/11/2008,50.88,16.46,182.45,5206,MALE,8.50153,-26.61414,
PAL0809,Anvers,Dream,"Adult, 1 Egg Stage",NP20,Yes,20/11/2007,57.77,12.54,192.03,3740,MALE,7.18828,-26.44895,
PAL0809,Anvers,Dream,"Adult, 1 Egg Stage",N67A1,Yes,25/11/2008,48.85,16.77,183.66,5620,MALE,9.75486,-24.31198,
PAL0708,Anvers,Biscoe,"Adult, 1 Egg Stage",N37A1,Yes,29/11/2007,51.91,17.51,184.09,5484,FEMALE,7.77672,-25.4168,
PAL0809,Anvers,Dream,"Adult, 1 Egg Stage",NP60,Yes,30/12/2007,50.75,15.01,187.6,5239,FEMALE,7.2936,-25.87342,
PAL0809,Anvers,Dream,"Adult, 1 Egg Stage",N75A1,Yes,14/11/2008,39.25,14.31,190.19,5198,MALE,10.02372,-24.86594,
PAL0708,Anvers,Dream,"Adult, 1 Egg Stage",N61A2,No,19/11/2007,56.66,12.3,191.09,3422,MALE,8.92069,-24.23592,Nest never observed with full clutch.
PAL0708,Anvers,Torgersen,"Adult, 1 Egg Stage",N1A2,Yes,11/11/2007,57.66,14.58,193.08,3371,FEMALE,8.94956,-24.69454,
PAL0708,Anvers,Biscoe,"Adult, 1 Egg Stage",N33A1,Yes,18/11/2007,54.54,12.3,192.02,3503,MALE,8.2345,-25.54456,
PAL0809,Anvers,Torgersen,"Adult, 1 Egg Stage",N36A2,Yes,08/11/2008,45.02,19.44,214.55,4399,MALE,8.2993,-26.38986,
PAL0809,Anvers,Torgersen,"Adult, 1 Egg Stage",N38A2,Yes,09/11/2008,38.01,11.78,188.81,5601,MALE,9.05736,-25.81513,
PAL0809,Anvers,Biscoe,"Adult, 1 Egg Stage",N29A2,Yes,13/11/2008,49.29,17.26,184.62,5933,MALE,8.85562,-26.09294,
PAL0708,Anvers,Dream,"Adult, 1 Egg Stage",NP10,Yes,10/11/2007,41.68,18.75,206.18,3898,,9.92831,-26.76041,
PAL0809,Anvers,Biscoe,"Adult, 1 Egg Stage",N28A1,Yes,13/11/2008,54.76,12.85,187.4,3166,FEMALE,8.58063,-26.21569,
PAL0910,Anvers,Biscoe,"Adult, 1 Egg Stage",N53A2,Yes,15/11/2009,50.34,16.25,184.23,5330,MALE,9.59245,-25.70711,
PAL0809,Anvers,Biscoe,"Adult, 1 Egg Stage",N55A2,Yes,09/11/2008,39.54,20.25,223.23,4094,FEMALE,8.58487,-26.5929,
PAL0809,Anvers,Torgersen,"Adult, 1 Egg Stage",N37A2,Yes,06/11/2008,48.09,17.55,183.33,5459,MALE,8.3554,-26.44787,
PAL0910,Anvers,Dream,"Adult, 1 Egg Stage",N84A2,Yes,17/11/2009,43.13,10.92,190.8,5239,MALE,8.97533,-26.03495,
PAL0910,Anvers,Dream,"Adult, 1 Egg Stage",N80A1,Yes,14/11/2009,39.88,12.23,180.89,5580,FEMALE,9.2881,-25.54976,
PAL0809,Anvers,Biscoe,"Adult, 1 Egg Stage",N60A1,Yes,09/11/2008,48.98,16.81,184.03,5595,FEMALE,8.24694,-26.65359,
PAL0910,Anvers,Biscoe,"Adult, 1 Egg Stage",N20A2,Yes,18/11/2009,55.15,12.73,196.75,3420,FEMALE,7.8881,-26.04726,
PAL0809,Anvers,Biscoe,"Adult, 1 Egg Stage",NP25,Yes,25/11/2007,46.73,18.05,179.88,5473,FEMALE,8.64529,-26.56077,
PAL0910,Anvers,Dream,"Adult, 1 Egg Stage",N83A2,Yes,13/11/2009,56.22,13.37,189.42,3059,FEMALE,8.68744,-25.8306,
PAL0708,Anvers,Biscoe,"Adult, 1 Egg Stage",N46A1,Yes,29/11/2007,37.84,12.18,192,5015,,7.96621,-25.69327,Sexing primers did not amplify.
PAL0809,Anvers,Torgersen,"Adult, 1 Egg Stage",N39A2,Yes,02/11/2008,49.42,16.92,181.63,5480,MALE,8.63259,-26.23027,
PAL0910,Anvers,Torgersen,"Adult, 1 Egg Stage",N67A2,Yes,16/11/2009,53.6,13.34,189.54,3175,MALE,9.59462,-25.42621,
PAL0910,Anvers,Dream,"Adult, 1 Egg Stage",NP98,Yes,06/02/2008,58.38,13.02,186.87,3781,,8.43258,-24.35414,
PAL0809,Anvers,Dream,"Adult, 1 Egg Stage",N65A2,Yes,24/11/2008,37.06,11.71,178.28,4977,MALE,9.23196,-24.17282,
PAL0809,Anvers,Torgersen,"Adult, 1 Egg Stage",N32A1,No,11/11/2008,36.59,11.42,185.33,5117,FEMALE,8.47781,-26.07821,Nest never observed with full clutch.
PAL0708,Anvers,Biscoe,"Adult, 1 Egg Stage",N38A1,Yes,03/12/2007,48.05,18.39,187.06,5556,FEMALE,7.79958,-25.62618,
PAL0708,Anvers,Biscoe,"Adult, 1 Egg Stage",NP28,Yes,28/11/2007,39.5,11.36,185.97,5261,MALE,9.99208,-24.26614,Not enough blood for isotopes.
PAL0708,Anvers,Dream,"Adult, 1 Egg Stage",N61A1,No,19/11/2007,,19.21,205.84,4718,FEMALE,9.03935,-24.30229,Nest never observed with full clutch.
PAL0910,Anvers,Biscoe,"Adult, 1 Egg Stage",NP66,No,05/01/2008,51.56,12.1,193.91,2947,FEMALE,8.32065,-25.17467,
PAL0910,Anvers,Biscoe,"Adult, 1 Egg Stage",NP50,Yes,20/12/2007,50.06,17.32,182.33,5980,MALE,7.38747,-26.05135,
PAL0708,Anvers,Torgersen,"Adult, 1 Egg Stage",N7A1,Yes,15/11/2007,47.06,15.93,184.62,5862,FEMALE,,,Not enough blood for isotopes.
PAL0809,Anvers,Biscoe,"Adult, 1 Egg Stage",N25A2,Yes,15/11/2008,49.32,16.13,188.75,5824,MALE,9.108,-25.89677,
PAL0809,Anvers,Biscoe,"Adult, 1 Egg Stage",NP70,Yes,09/01/2008,39.61,10.14,191.04,5495,FEMALE,8.73802,-24.25122,
PAL0910,Anvers,Dream,"Adult, 1 Egg Stage",N93A1,Yes,27/11/2009,52.65,17.32,182.05,5756,FEMALE,9.56534,-24.60882,
PAL0910,Anvers,Dream,"Adult, 1 Egg Stage",NP69,Yes,08/01/2008,52.41,13.46,189.03,3338,MALE,8.8091,-24.96735,Adult not sampled.
PAL0708,Anvers,Torgersen,"Adult, 1 Egg Stage",NP77,No,16/01/2008,49.64,15.96,183.53,5426,MALE,8.6598,-25.77885,
PAL0809,Anvers,Dream,"Adult, 1 Egg Stage",N46A2,Yes,05/11/2008,55.22,13.69,186.41,3232,MALE,8.49915,-26.42406,
PAL0708,Anvers,Torgersen,"Adult, 1 Egg Stage",N6A2,Yes,09/11/2007,39.22,10.78,198.66,5367,,,,No blood sample obtained.
PAL0910,Anvers,Torgersen,"Adult, 1 Egg Stage",N63A1,Yes,18/11/2009,36.43,14.02,189.31,5110,FEMALE,9.18021,-25.77264,
PAL0708,Anvers,Torgersen,"Adult, 1 Egg Stage",NP88,No,27/01/2008,56.73,13.49,190.44,3229,FEMALE,8.33937,-26.31824,
PAL0809,Anvers,Biscoe,"Adult, 1 Egg Stage",N11A2,No,09/11/2008,48.08,17.08,181.2,6108,MALE,8.65803,-26.57585,Nest never observed with full clutch.
PAL0910,Anvers,Torgersen,"Adult, 1 Egg Stage",N72A1,Yes,18/11/2009,50.43,19.22,223.39,4557,FEMALE,9.19031,-25.73722,
PAL0809,Anvers,Biscoe,"Adult, 1 Egg Stage",N12A1,Yes,02/11/2008,55.94,12.33,193.44,3793,FEMALE,8.45167,-26.89644,
PAL0910,Anvers,Dream,"Adult, 1 Egg Stage",N99A2,No,21/11/2009,54.73,12.53,187.79,3458,MALE,9.4618,-24.70615,Nest never observed with full clutch.
PAL0708,Anvers,Torgersen,"Adult, 1 Egg Stage",N7A2,Yes,15/11/2007,38.05,21.87,223.39,4277,MALE,,,Not enough blood for isotopes.
PAL0809,Anvers,Biscoe,"Adult, 1 Egg Stage",N56A2,Yes,06/11/2008,40.41,18.67,210.85,4564,MALE,8.5964,-26.71199,
PAL0708,Anvers,Dream,"Adult, 1 Egg Stage",N22A2,Yes,09/11/2007,52.67,12.86,190.11,3548,MALE,8.79665,-25.14591,
PAL0809,Anvers,Biscoe,"Adult, 1 Egg Stage",N20A1,Yes,04/11/2008,47.29,15.47,185.15,6186,FEMALE,8.60447,-26.61601,
PAL0910,Anvers,Dream,"Adult, 1 Egg Stage",N86A1,Yes,17/11/2009,49.52,16.85,181.46,5566,FEMALE,9.43684,-24.16566,
PAL0809,Anvers,Biscoe,"Adult, 1 Egg Stage",N20A2,Yes,04/11/2008,51.54,15.89,182.09,5713,MALE,8.47067,-26.69166,
PAL0910,Anvers,Biscoe,"Adult, 1 Egg Stage",N21A2,Yes,18/11/2009,36.72,11.39,184.03,4461,MALE,8.2066,-26.36863,
PAL0708,Anvers,Dream,"Adult, 1 Egg Stage",N72A2,Yes,30/11/2007,48.87,16.44,180.66,5565,MALE,9.27158,-24.64335,
PAL0809,Anvers,Biscoe,"Adult, 1 Egg Stage",NP95,Yes,03/02/2008,44.95,18.08,212.94,4264,MALE,8.60718,-25.01799,
PAL0809,Anvers,Biscoe,"Adult, 1 Egg Stage",N56A1,Yes,06/11/2008,40.12,18.56,217,5031,FEMALE,8.47938,-26.9547,
PAL0910,Anvers,Biscoe,"Adult, 1 Egg Stage",N35A1,Yes,25/11/2009,57.95,12.43,182.61,3121,FEMALE,8.30231,-25.96013,
PAL0809,Anvers,Dream,"Adult, 1 Egg Stage",N61A1,No,25/11/2008,34.59,12.81,184.21,5179,FEMALE,8.9399,-23.89017,Nest never observed with full clutch.
PAL0910,Anvers,Biscoe,"Adult, 1 Egg Stage",N35A2,Yes,25/11/2009,41.46,19.83,215.24,5027,MALE,8.08354,-26.18161,
PAL0809,Anvers,Dream,"Adult, 1 Egg Stage",NP8,Yes,08/11/2007,39.95,11.22,186.51,5038,FEMALE,7.74703,-26.85604,
PAL0708,Anvers,Dream,"Adult, 1 Egg Stage",N71A2,No,30/11/2007,38.87,12.57,187.06,6234,FEMALE,9.14382,-24.57994,Nest never observed with full clutch.
PAL0809,Anvers,Biscoe,"Adult, 1 Egg Stage",N6A2,No,04/11/2008,51.22,18.51,188.36,5754,MALE,8.38324,-26.84272,Nest never observed with full clutch.
PAL0708,Anvers,Biscoe,"Adult, 1 Egg Stage",N18A1,No,10/11/2007,50.62,17.16,186.78,5770,FEMALE,8.38404,-25.19837,Nest never observed with full clutch.
PAL0910,Anvers,Biscoe,"Adult, 1 Egg Stage",N23A2,Yes,18/11/2009,39.63,14.09,181.34,4855,MALE,8.65914,-25.79203,
PAL0708,Anvers,Biscoe,"Adult, 1 Egg Stage",NP13,No,13/11/2007,32.59,11.63,185.61,5944,MALE,7.28617,-26.17828,
PAL0708,Anvers,Dream,"Adult, 1 Egg Stage",N71A1,No,30/11/2007,48.63,16.76,182.02,5401,MALE,10.02019,-24.54704,Nest never observed with full clutch.
PAL0809,Anvers,Biscoe,"Adult, 1 Egg Stage",N28A2,Yes,13/11/2008,36.75,13.18,181.72,4794,MALE,8.62264,-26.60023,
PAL0910,Anvers,Dream,"Adult, 1 Egg Stage",N87A2,Yes,27/11/2009,41.71,20.72,214.99,3959,MALE,9.34089,-24.45189,
PAL0809,Anvers,Torgersen,"Adult, 1 Egg Stage",N40A2,Yes,07/11/2008,40.82,19.98,222.27,5007,MALE,8.90002,-26.46254,
PAL0910,Anvers,Biscoe,"Adult, 1 Egg Stage",N28A1,Yes,10/11/2009,46.2,16.83,180.7,5382,FEMALE,8.12311,-26.44815,
PAL0809,Anvers,Biscoe,"Adult, 1 Egg Stage",N8A1,Yes,03/11/2008,54.48,13.8,192.73,3481,MALE,8.46894,-26.60436,
PAL0910,Anvers,Torgersen,"Adult, 1 Egg Stage",N71A2,Yes,21/11/2009,50,20.52,230.72,4121,MALE,8.52566,-26.0245,
PAL0708,Anvers,Torgersen,"Adult, 1 Egg Stage",NP18,Yes,18/11/2007,55.1,11.92,192.61,3102,MALE,9.07163,-24.19198,
PAL0809,Anvers,Dream,"Adult, 1 Egg Stage",NP85,No,24/01/2008,53.58,11.06,192.81,3652,FEMALE,8.41402,-24.33694,
PAL0910,Anvers,Biscoe,"Adult, 1 Egg Stage",N22A2,Yes,22/11/2009,53.61,17.16,184.51,5559,MALE,8.3118,-26.35425,
PAL0910,Anvers,Biscoe,"Adult, 1 Egg Stage",N8A2,Yes,22/11/2009,36.16,12.14,184.14,5880,MALE,8.27428,-26.30019,
PAL0910,Anvers,Dream,"Adult, 1 Egg Stage",N76A2,Yes,10/11/2009,37.13,21.01,217.01,4131,MALE,8.56708,-26.49288,
PAL0708,Anvers,Biscoe,"Adult, 1 Egg Stage",N32A2,Yes,27/11/2007,40.91,11.08,185.89,5141,MALE,8.2554,-25.40075,
PAL0910,Anvers,Dream,"Adult, 1 Egg Stage",N79A1,No,16/11/2009,41.15,18.59,209.98,5488,FEMALE,8.61651,-26.07021,Nest never observed with full clutch.
PAL0910,Anvers,Biscoe,"Adult, 1 Egg Stage",N47A2,Yes,09/11/2009,55.56,14.59,193.02,2811,MALE,9.01079,-26.38085,
PAL0708,Anvers,Dream,"Adult, 1 Egg Stage",N27A1,Yes,19/11/2007,54.62,13.61,188.33,3069,FEMALE,9.50772,-25.03492,
PAL0910,Anvers,Biscoe,"Adult, 1 Egg Stage",NP15,Yes,15/11/2007,40.64,18.71,,5291,FEMALE,7.81213,-26.51409,
PAL0910,Anvers,Biscoe,"Adult, 1 Egg Stage",NP9,Yes,09/11/2007,46.65,15.44,185.31,5516,FEMALE,8.7372,-24.61891,No blood sample obtained.
PAL0809,Anvers,Biscoe,"Adult, 1 Egg Stage",N12A2,Yes,02/11/2008,52.97,12.71,194.61,3418,MALE,8.55868,-26.67799,
PAL0809,Anvers,Biscoe,"Adult, 1 Egg Stage",N27A1,Yes,13/11/2008,55.08,13.64,190.52,3405,FEMALE,8.96472,-26.40943,
PAL0809,Anvers,Biscoe,"Adult, 1 Egg Stage",N7A1,Yes,04/11/2008,38.69,12.82,188.09,5403,FEMALE,8.37615,-26.72791,
PAL0708,Anvers,Dream,"Adult, 1 Egg Stage",N73A2,Yes,03/12/2007,36.47,11.59,187.05,5444,MALE,9.42666,-24.26375,
PAL0809,Anvers,Biscoe,"Adult, 1 Egg Stage",NP99,No,07/02/2008,46.53,21.15,207.24,4880,FEMALE,9.18095,-24.69614,
PAL0910,Anvers,Torgersen,"Adult, 1 Egg Stage",N69A1,Yes,18/11/2009,54.97,13.93,197.27,3161,FEMALE,8.81668,-25.95399,
PAL0809,Anvers,Biscoe,"Adult, 1 Egg Stage",N15A2,Yes,04/11/2008,56.89,12.95,189.91,3185,MALE,8.63488,-26.75621,
PAL0910,Anvers,Biscoe,"Adult, 1 Egg Stage",N49A2,Yes,15/11/2009,52.95,13.38,188.76,3501,MALE,9.51929,-25.69199,
PAL0708,Anvers,Biscoe,"Adult, 1 Egg Stage",N17A1,Yes,12/11/2007,38.88,11.82,185.61,5449,MALE,8.93997,-25.36288,
PAL0708,Anvers,Biscoe,"Adult, 1 Egg Stage",N35A1,Yes,27/11/2007,51.31,16.22,184.32,5472,FEMALE,8.13643,-25.32176,
PAL0910,Anvers,Biscoe,"Adult, 1 Egg Stage",N36A2,Yes,01/12/2009,56.04,14.24,188.34,3533,MALE,8.33825,-25.88547,
PAL0809,Anvers,Torgersen,"Adult, 1 Egg Stage",N37A1,Yes,06/11/2008,36.87,18.11,214.55,4546,FEMALE,8.47257,-26.02002,
PAL0708,Anvers,Dream,"Adult, 1 Egg Stage",N21A2,Yes,09/11/2007,39.49,19.82,210.52,4108,MALE,9.72764,-25.0102,
PAL0809,Anvers,Biscoe,"Adult, 1 Egg Stage",N4A1,Yes,02/11/2008,39.36,11.78,189.97,4495,FEMALE,7.96935,-26.70968,
PAL0809,Anvers,Biscoe,"Adult, 1 Egg Stage",N21A1,Yes,06/11/2008,50.45,17.02,182.45,5672,FEMALE,8.46616,-26.12989,
PAL0809,Anvers,Dream,"Adult, 1 Egg Stage",NP53,No,23/12/2007,51.52,16.08,185.82,5785,FEMALE,8.28596,-26.84197,Adult not sampled.
PAL0809,Anvers,Torgersen,"Adult, 1 Egg Stage",N32A2,No,11/11/2008,43.05,19.66,228.71,4613,MALE,8.86853,-26.06209,Nest never observed with full clutch.
PAL0708,Anvers,Biscoe,"Adult, 1 Egg Stage",NP44,Yes,14/12/2007,40.3,13.09,188.85,4734,MALE,9.95138,-24.7657,
PAL0809,Anvers,Biscoe,"Adult, 1 Egg Stage",N4A2,Yes,02/11/2008,47.5,19.32,231,4100,MALE,8.13746,-26.79093,
PAL0708,Anvers,Torgersen,"Adult, 1 Egg Stage",N3A1,Yes,16/11/2007,42.06,11.57,174.54,4943,FEMALE,8.76651,-25.32426,
PAL0708,Anvers,Torgersen,"Adult, 1 Egg Stage",N2A2,Yes,16/11/2007,40.71,18.53,211.56,3758,,,,Adult not sampled.
PAL0708,Anvers,Biscoe,"Adult, 1 Egg Stage",N34A2,Yes,27/11/2007,53.96,11.76,191.31,3720,MALE,8.22673,-25.4276,
PAL0809,Anvers,Biscoe,"Adult, 1 Egg Stage",N5A2,Yes,09/11/2008,49.43,17.25,183.67,5737,MALE,8.14776,-26.84506,
PAL0910,Anvers,Biscoe,"Adult, 1 Egg Stage",NP97,Yes,05/02/2008,50.03,17.18,187.22,5682,MALE,8.084,-26.25585,
PAL0910,Anvers,Torgersen,"Adult, 1 Egg Stage",N66A1,No,17/11/2009,43.8,21.28,212.52,5941,FEMALE,9.04296,-26.19444,Nest never observed with full clutch.
PAL0910,Anvers,Dream,"Adult, 1 Egg Stage",N93A2,Yes,27/11/2009,38.4,12,186.57,5265,MALE,9.77528,-24.56481,
PAL0708,Anvers,Dream,"Adult, 1 Egg Stage",NP92,Yes,31/01/2008,30.19,13.23,192.21,4547,MALE,9.26982,-26.17597,
PAL0708,Anvers,Dream,"Adult, 1 Egg Stage",N28A2,Yes,16/11/2007,52.94,16.02,213.37,4829,MALE,9.49106,-24.10255,
PAL0910,Anvers,Biscoe,"Adult, 1 Egg Stage",N60A2,Yes,15/11/2009,44.23,20.06,226.45,3876,MALE,8.80186,-26.41218,
PAL0708,Anvers,Biscoe,"Adult, 1 Egg Stage",N13A2,Yes,10/11/2007,49.68,16.93,179.5,5795,FEMALE,9.21292,-24.3613,
PAL0910,Anvers,Dream,"Adult, 1 Egg Stage",N82A2,Yes,16/11/2009,55.18,13.2,192.71,3057,MALE,9.22033,-26.03442,
PAL0708,Anvers,Torgersen,"Adult, 1 Egg Stage",N3A2,Yes,16/11/2007,47.13,17.1,185.94,5721,MALE,8.66496,-25.29805,
PAL0708,Anvers,Biscoe,"Adult, 1 Egg Stage",NP80,Yes,19/01/2008,54.73,11.74,195.12,3251,,9.85832,-25.50767,
PAL0809,Anvers,Biscoe,"Adult, 1 Egg Stage",N22A1,Yes,09/11/2008,46.68,18.56,216.95,4454,FEMALE,8.19539,-26.17213,
PAL0910,Anvers,Biscoe,"Adult, 1 Egg Stage",N8A1,Yes,22/11/2009,58.66,13.11,191.12,2854,FEMALE,8.11238,-26.20372,
PAL0708,Anvers,Torgersen,"Adult, 1 Egg Stage",NP73,No,12/01/2008,51.37,16.21,185.87,5393,FEMALE,7.90445,-25.05748,No blood sample obtained.
PAL0910,Anvers,Biscoe,"Adult, 1 Egg Stage",NP89,Yes,28/01/2008,59.49,12.63,189.42,3333,,9.11744,-25.73916,
PAL0910,Anvers,Biscoe,"Adult, 1 Egg Stage",N13A1,Yes,20/11/2009,30.74,11.14,188.61,5243,FEMALE,8.23468,-26.18599,
PAL0809,Anvers,Biscoe,"Adult, 1 Egg Stage",N58A1,Yes,06/11/2008,43.66,18.59,216.94,4090,FEMALE,8.39299,-26.78733,
PAL0809,Anvers,Torgersen,"Adult, 1 Egg Stage",NP48,Yes,18/12/2007,45.99,19.5,216.4,4702,FEMALE,7.81785,-24.74374,
PAL0910,Anvers,Dream,"Adult, 1 Egg Stage",N96A1,Yes,27/11/2009,36.35,11.48,182.32,4997,MALE,,-23.78767,No delta15N data received from lab.
PAL0708,Anvers,Dream,"Adult, 1 Egg Stage",N64A2,Yes,21/11/2007,40.55,12.51,183.57,5751,FEMALE,8.88942,-24.49433,
PAL0809,Anvers,Biscoe,"Adult, 1 Egg Stage",NP26,Yes,26/11/2007,52.69,11.67,194.51,3743,FEMALE,7.86723,-25.24665,
PAL0708,Anvers,Dream,"Adult, 1 Egg Stage",N29A1,Yes,13/11/2007,48.15,16.02,189.19,5854,MALE,,,Not enough blood for isotopes.
PAL0910,Anvers,Dream,"Adult, 1 Egg Stage",N82A1,Yes,16/11/2009,56.63,12.22,197.52,3177,FEMALE,9.06829,-25.85203,
PAL0809,Anvers,Biscoe,"Adult, 1 Egg Stage",N8A2,Yes,03/11/2008,47.09,17.29,188.83,5901,FEMALE,8.27141,-26.7765,
PAL0809,Anvers,Dream,"Adult, 1 Egg Stage",NP4,Yes,04/11/2007,51.91,12.45,185,3488,MALE,8.91857,-24.64089,Adult not sampled.
PAL0910,Anvers,Torgersen,"Adult, 1 Egg Stage",N66A2,No,17/11/2009,38.51,11.1,186.96,5300,MALE,9.11066,-26.42563,Nest never observed with full clutch.
PAL0910,Anvers,Biscoe,"Adult, 1 Egg Stage",N51A2,Yes,15/11/2009,49.28,17.67,185.65,5545,MALE,8.85699,-25.80208,
PAL0809,Anvers,Dream,"Adult, 1 Egg Stage",N63A2,Yes,24/11/2008,52.37,12.87,195.47,3120,MALE,9.49283,-24.59996,
PAL0809,Anvers,Dream,"Adult, 1 Egg Stage",N45A1,Yes,14/11/2008,52.74,16.19,178.97,5474,FEMALE,8.46531,-26.05621,
PAL0910,Anvers,Biscoe,"Adult, 1 Egg Stage",N36A1,Yes,01/12/2009,56.5,13.45,191.53,2936,.,8.04111,-26.18444,Sexing primers did not amplify.
PAL0910,Anvers,Dream,"Adult, 1 Egg Stage",N95A2,Yes,21/11/2009,43.26,11.46,180.18,5272,FEMALE,9.46985,-24.65786,
PAL0809,Anvers,Dream,"Adult, 1 Egg Stage",N74A2,Yes,24/11/2008,52.06,17.81,181.87,5717,FEMALE,9.61734,-24.66188,
PAL0708,Anvers,Biscoe,"Adult, 1 Egg Stage",N56A1,Yes,03/12/2007,55.4,13.57,186.93,3590,FEMALE,7.97408,-25.53768,
PAL0910,Anvers,Biscoe,"Adult, 1 Egg Stage",NP31,Yes,01/12/2007,56,13.24,181.68,3013,FEMALE,8.54069,-26.13441,
PAL0809,Anvers,Biscoe,"Adult, 1 Egg Stage",N19A2,Yes,13/11/2008,44.6,18.11,215.03,4321,MALE,8.49662,-26.84166,
PAL0708,Anvers,Dream,"Adult, 1 Egg Stage",N70A1,Yes,22/11/2007,54.2,13.38,198.13,3698,FEMALE,9.12277,-24.90024,
PAL0910,Anvers,Torgersen,"Adult, 1 Egg Stage",NP96,Yes,04/02/2008,39.16,19.77,207.58,5330,,8.70819,-25.49819,
PAL0708,Anvers,Torgersen,"Adult, 1 Egg Stage",N10A2,Yes,16/11/2007,36.98,13.63,194,5124,MALE,9.11616,-24.77227,
PAL0708,Anvers,Biscoe,"Adult, 1 Egg Stage",N12A2,Yes,12/11/2007,33.69,13.53,194.36,5226,MALE,8.43423,-25.22664,
PAL0809,Anvers,Biscoe,"Adult, 1 Egg Stage",N58A2,Yes,06/11/2008,36.68,12.46,185.3,5730,MALE,8.40327,-26.76821,
PAL0910,Anvers,Dream,"Adult, 1 Egg Stage",N80A2,Yes,14/11/2009,42.65,17.11,226.8,3776,MALE,9.23408,-26.01549,
PAL0910,Anvers,Torgersen,"Adult, 1 Egg Stage",N63A2,Yes,18/11/2009,54.98,11.93,181.44,3521,MALE,9.49645,-26.36678,
PAL0910,Anvers,Biscoe,"Adult, 1 Egg Stage",N53A1,Yes,15/11/2009,37.62,11.02,182.4,5601,FEMALE,8.77322,-26.48973,
PAL0910,Anvers,Biscoe,"Adult, 1 Egg Stage",N32A2,Yes,20/11/2009,51.64,13.52,188.7,3970,MALE,8.29226,-26.21019,
PAL0809,Anvers,Dream,"Adult, 1 Egg Stage",NP32,Yes,02/12/2007,40.89,12.1,178.57,4837,MALE,7.70094,-25.82623,Adult not sampled.
PAL0809,Anvers,Biscoe,"Adult, 1 Egg Stage",N13A1,Yes,04/11/2008,,18.16,183.28,5677,FEMALE,8.38289,-26.86352,
PAL0809,Anvers,Dream,"Adult, 1 Egg Stage",N50A1,Yes,10/11/2008,40.69,11,190.19,5824,FEMALE,9.04218,-26.15775,
PAL0708,Anvers,Biscoe,"Adult, 1 Egg Stage",N36A1,No,27/11/2007,39.93,19.28,214.95,3925,FEMALE,8.19579,-25.3933,Nest never observed with full clutch.
PAL0708,Anvers,Biscoe,"Adult, 1 Egg Stage",N47A2,Yes,29/11/2007,38.9,10.55,187.55,5547,MALE,8.30515,-25.19017,
PAL0708,Anvers,Biscoe,"Adult, 1 Egg Stage",NP71,Yes,10/01/2008,43.94,18.03,230.65,4852,MALE,8.61276,-24.95914,Sexing primers did not amplify.
PAL0809,Anvers,Biscoe,"Adult, 1 Egg Stage",N30A2,Yes,06/11/2008,39.19,10.61,179.69,5712,MALE,8.71078,-25.81012,
PAL0708,Anvers,Dream,"Adult, 1 Egg Stage",N70A2,Yes,22/11/2007,44.64,16.01,204.51,4624,MALE,9.8059,-24.7294,
PAL0809,Anvers,Biscoe,"Adult, 1 Egg Stage",N16A2,Yes,03/11/2008,51.9,17.26,183.93,5335,MALE,8.63604,-26.7489,
PAL0809,Anvers,Dream,"Adult, 1 Egg Stage",N69A1,Yes,14/11/2008,50.43,17.46,186.34,5691,FEMALE,8.83502,-24.65859,
PAL0910,Anvers,Dream,"Adult, 1 Egg Stage",N99A1,No,21/11/2009,34.94,13.96,190.54,5793,FEMALE,9.37608,-24.40753,Nest never observed with full clutch.
PAL0910,Anvers,Dream,"Adult, 1 Egg Stage",NP67,Yes,06/01/2008,44.26,19.83,219.87,3935,FEMALE,9.23478,-24.22694,
PAL0809,Anvers,Dream,"Adult, 1 Egg Stage",N42A1,Yes,08/11/2008,53.74,12.99,197.3,3390,MALE,8.57087,-26.22227,
PAL0809,Anvers,Biscoe,"Adult, 1 Egg Stage",N23A1,Yes,09/11/2008,50.36,16.95,185.63,5422,FEMALE,8.41837,-26.54718,
PAL0809,Anvers,Biscoe,"Adult, 1 Egg Stage",N18A2,Yes,03/11/2008,37.65,12.79,195.45,5739,MALE,8.60092,-26.84374,
PAL0910,Anvers,Dream,"Adult, 1 Egg Stage",N88A2,Yes,23/11/2009,45.29,19.9,222.67,5071,FEMALE,9.32169,-24.41562,
PAL0809,Anvers,Torgersen,"Adult, 1 Egg Stage",NP39,Yes,09/12/2007,46.1,18.73,212.87,5095,,8.75089,-24.70385,
PAL0910,Anvers,Biscoe,"Adult, 1 Egg Stage",N24A2,Yes,01/12/2009,37.64,18.39,211.93,4103,MALE,8.32359,-26.05756,
PAL0708,Anvers,Dream,"Adult, 1 Egg Stage",N23A2,Yes,16/11/2007,39.74,18.95,190.1,3987,MALE,9.15308,-25.03469,
PAL0910,Anvers,Dream,"Adult, 1 Egg Stage",NP46,Yes,16/12/2007,54.65,12.16,193.53,3540,MALE,7.06108,-26.90343,
PAL0910,Anvers,Biscoe,"Adult, 1 Egg Stage",N13A2,Yes,20/11/2009,39.36,10.64,190.48,5250,MALE,8.15426,-26.3433,
PAL0809,Anvers,Dream,"Adult, 1 Egg Stage",N62A2,Yes,14/11/2008,37.87,11.55,180.06,4702,MALE,9.25177,-24.69638,
PAL0910,Anvers,Biscoe,"Adult, 1 Egg Stage",N18A2,Yes,01/12/2009,38.14,10.19,187.82,5396,MALE,8.83352,-25.69195,
PAL0708,Anvers,Dream,"Adult, 1 Egg Stage",N26A2,Yes,16/11/2007,44.71,18.41,179.41,5260,MALE,,,Not enough blood for isotopes.
PAL0910,Anvers,Torgersen,"Adult, 1 Egg Stage",NP82,Yes,21/01/2008,36.58,12.16,199.28,5283,MALE,7.68438,-24.0725,
PAL0809,Anvers,Biscoe,"Adult, 1 Egg Stage",N19A1,Yes,13/11/2008,44.17,18.26,202.83,4557,FEMALE,8.6287,-26.60484,
PAL0708,Anvers,Torgersen,"Adult, 1 Egg Stage",N5A2,Yes,09/11/2007,35.16,11.81,180.8,4804,,9.13362,-25.09368,No blood sample obtained for sexing.
PAL0809,Anvers,Biscoe,"Adult, 1 Egg Stage",N17A1,Yes,06/11/2008,40.17,18.17,220.14,4840,FEMALE,8.48367,-26.86485,
PAL0910,Anvers,Biscoe,"Adult, 1 Egg Stage",N23A1,Yes,18/11/2009,41.8,20,206.47,4447,FEMALE,8.30817,-26.21651,
PAL0809,Anvers,Biscoe,"Adult, 1 Egg Stage",NP12,No,12/11/2007,57.05,11.88,196.61,3211,FEMALE,9.39026,-26.58045,
PAL0708,Anvers,Dream,"Adult, 1 Egg Stage",N28A1,Yes,16/11/2007,50.77,16.91,201.68,4493,FEMALE,9.36392,-25.01745,
PAL0708,Anvers,Dream,"Adult, 1 Egg Stage",N64A1,Yes,21/11/2007,55.76,12.67,193.58,3167,MALE,9.00642,-24.61867,
PAL0809,Anvers,Torgersen,"Adult, 1 Egg Stage",NP72,Yes,11/01/2008,49.01,16.91,,5306,,7.28227,-25.30676,No blood sample obtained.
PAL0708,Anvers,Biscoe,"Adult, 1 Egg Stage",NP1,Yes,01/11/2007,47.5,17.52,180.72,5578,FEMALE,8.66853,-24.95453,
PAL0809,Anvers,Biscoe,"Adult, 1 Egg Stage",N11A1,No,09/11/2008,52.35,16.14,184.87,5460,FEMALE,8.47829,-26.61788,Nest never observed with full clutch.
PAL0910,Anvers,Torgersen,"Adult, 1 Egg Stage",NP30,Yes,30/11/2007,50.01,16.64,183.99,5914,FEMALE,8.54357,-25.65883,
PAL0910,Anvers,Torgersen,"Adult, 1 Egg Stage",N67A1,Yes,16/11/2009,53.69,12.89,186.97,3365,FEMALE,9.30722,-25.61039,
PAL0910,Anvers,Biscoe,"Adult, 1 Egg Stage",N15A1,Yes,25/11/2009,37.8,17.59,218.39,4790,FEMALE,8.29671,-26.08547,
PAL0910,Anvers,Biscoe,"Adult, 1 Egg Stage",N58A2,Yes,12/11/2009,49.21,17.94,217.85,4926,MALE,8.65466,-26.32909,
PAL0910,Anvers,Dream,"Adult, 1 Egg Stage",N77A2,Yes,13/11/2009,38.98,10.35,193.83,5988,MALE,8.94365,-26.06943,
PAL0809,Anvers,Biscoe,"Adult, 1 Egg Stage",N54A2,Yes,03/11/2008,55.69,11.92,189.18,3592,MALE,8.35078,-26.70783,
PAL0910,Anvers,Biscoe,"Adult, 1 Egg Stage",N51A1,Yes,15/11/2009,45.64,17.14,187.86,5358,FEMALE,9.02642,-25.86482,
PAL0910,Anvers,Torgersen,"Adult, 1 Egg Stage",N64A2,Yes,22/11/2009,49.32,17.45,184.16,5606,MALE,9.32277,-26.09989,
PAL0910,Anvers,Biscoe,"Adult, 1 Egg Stage",N19A2,Yes,27/11/2009,49.24,17.06,183.11,5707,MALE,8.27102,-26.11244,
PAL0708,Anvers,Biscoe,"Adult, 1 Egg Stage",N44A2,Yes,29/11/2007,59.18,13.38,189.1,3627,MALE,7.83733,-25.42826,
PAL0809,Anvers,Dream,"Adult, 1 Egg Stage",N69A2,Yes,14/11/2008,44.07,17.99,221.85,4445,MALE,9.43146,-24.6844,
PAL0809,Anvers,Dream,"Adult, 1 Egg Stage",N62A1,Yes,14/11/2008,56.75,12.08,187.66,3283,FEMALE,9.37369,-24.52896,
PAL0809,Anvers,Torgersen,"Adult, 1 Egg Stage",N34A1,Yes,14/11/2008,48.21,17.11,178.75,5727,FEMALE,7.88863,-26.63085,
PAL0708,Anvers,Dream,"Adult, 1 Egg Stage",N29A2,Yes,13/11/2007,54.31,12.32,195.98,3433,,,,Sexing primers did not amplify. Not enough blood for isotopes.
PAL0708,Anvers,Biscoe,"Adult, 1 Egg Stage",N17A2,Yes,12/11/2007,37.3,11.61,177.94,5029,FEMALE,8.08138,-25.49448,
PAL0809,Anvers,Biscoe,"Adult, 1 Egg Stage",N55A1,Yes,09/11/2008,40.12,18.11,198.51,4247,MALE,8.24651,-26.66958,
PAL0910,Anvers,Torgersen,"Adult, 1 Egg Stage",N73A2,No,23/11/2009,39.37,19.52,207.67,3785,MALE,8.86495,-26.1396,Nest never observed with full clutch.
PAL0809,Anvers,Dream,"Adult, 1 Egg Stage",N41A1,Yes,17/11/2008,40.13,12.37,202.07,5736,FEMALE,8.32718,-26.38396,
PAL0708,Anvers,Biscoe,"Adult, 1 Egg Stage",N41A2,Yes,27/11/2007,38.53,13.23,176.4,5889,FEMALE,7.6322,-25.46569,
PAL0910,Anvers,Dream,"Adult, 1 Egg Stage",N90A2,Yes,21/11/2009,53.94,11.63,191.38,2809,MALE,9.43782,-24.36202,
PAL0708,Anvers,Dream,"Adult, 1 Egg Stage",N67A1,Yes,21/11/2007,49.01,17.48,186,5276,FEMALE,8.47173,-24.29229,
PAL0708,Anvers,Biscoe,"Adult, 1 Egg Stage",N31A1,Yes,27/11/2007,47.15,17.63,225.07,3790,FEMALE,7.993,-25.5139,
PAL0910,Anvers,Biscoe,"Adult, 1 Egg Stage",N1A1,Yes,18/11/2009,56.96,,191.32,3804,FEMALE,8.35802,-26.2766,
PAL0708,Anvers,Biscoe,"Adult, 1 Egg Stage",N50A2,Yes,29/11/2007,42.81,12.24,191.06,4766,FEMALE,7.63452,-25.46327,
PAL0708,Anvers,Dream,"Adult, 1 Egg Stage",N68A1,Yes,28/11/2007,37.96,10.97,176.87,5395,FEMALE,8.95063,-24.59897,
PAL0910,Anvers,Biscoe,"Adult, 1 Egg Stage",N61A2,Yes,17/11/2009,47.86,20.04,212.13,4918,MALE,8.91434,-26.42018,
PAL0809,Anvers,Dream,"Adult, 1 Egg Stage",N72A1,No,24/11/2008,36.39,11.44,182.16,5112,FEMALE,9.80589,-24.73735,Nest never observed with full clutch.
PAL0809,Anvers,Torgersen,"Adult, 1 Egg Stage",NP54,No,24/12/2007,49.47,16.05,187.11,5518,FEMALE,7.743,-24.21109,
PAL0708,Anvers,Torgersen,"Adult, 1 Egg Stage",NP24,Yes,24/11/2007,48.93,17.88,184.37,5553,FEMALE,7.46956,-25.86989,
PAL0809,Anvers,Biscoe,"Adult, 1 Egg Stage",N21A2,Yes,06/11/2008,50.21,13.19,188.76,3259,MALE,8.51362,-26.55602,
PAL0910,Anvers,Dream,"Adult, 1 Egg Stage",N98A1,Yes,19/11/2009,39.18,13,185.95,5716,FEMALE,9.26715,-24.31912,
PAL0910,Anvers,Biscoe,"Adult, 1 Egg Stage",N28A2,Yes,10/11/2009,48.31,16.32,205.6,3458,MALE,8.41017,-26.33867,
PAL0708,Anvers,Biscoe,"Adult, 1 Egg Stage",N35A2,Yes,27/11/2007,52.27,16.33,180.69,5147,MALE,8.1631,-25.38017,
PAL0910,Anvers,Biscoe,"Adult, 1 Egg Stage",N32A1,Yes,20/11/2009,52.44,16.59,187.38,5620,FEMALE,8.24691,-26.18466,
PAL0910,Anvers,Dream,"Adult, 1 Egg Stage",N81A1,Yes,16/11/2009,52.81,11.98,192.82,3332,FEMALE,8.79787,-26.61075,
PAL0809,Anvers,Dream,"Adult, 1 Egg Stage",N65A1,Yes,24/11/2008,39.4,11.56,188.91,6165,FEMALE,9.36668,-24.45195,
PAL0809,Anvers,Torgersen,"Adult, 1 Egg Stage",N35A2,Yes,11/11/2008,50.78,17.18,180.77,5618,MALE,8.18658,-26.45978,
PAL0910,Anvers,Torgersen,"Adult, 1 Egg Stage",NP76,Yes,15/01/2008,52.91,12.86,198.82,2997,FEMALE,9.56974,-26.26448,
PAL0809,Anvers,Biscoe,"Adult, 1 Egg Stage",N30A1,Yes,06/11/2008,50.52,18.33,182.9,5677,FEMALE,8.56192,-25.95541,
PAL0708,Anvers,Biscoe,"Adult, 1 Egg Stage",N32A1,Yes,27/11/2007,44.41,12.06,181.74,5399,FEMALE,8.14705,-25.46172,
PAL0910,Anvers,Dream,"Adult, 1 Egg Stage",N85A1,Yes,17/11/2009,41.71,19.4,203.6,3787,FEMALE,8.93465,-26.07081,
PAL0708,Anvers,Torgersen,"Adult, 1 Egg Stage",NP65,Yes,04/01/2008,49.16,17.85,181.71,6031,FEMALE,7.69824,-24.10796,
PAL0910,Anvers,Biscoe,"Adult, 1 Egg Stage",N21A1,Yes,18/11/2009,57.73,13.73,194.7,3168,FEMALE,8.16582,-26.13971,
PAL0708,Anvers,Biscoe,"Adult, 1 Egg Stage",N11A1,Yes,12/11/2007,40.18,18.54,217.62,4228,FEMALE,8.73762,-25.09383,
PAL0708,Anvers,Torgersen,"Adult, 1 Egg Stage",NP79,Yes,18/01/2008,57.9,12.5,186.96,3148,FEMALE,7.43293,-25.96677,
PAL0910,Anvers,Dream,"Adult, 1 Egg Stage",N92A1,Yes,23/11/2009,37.53,10.8,199.35,5341,FEMALE,9.415,-24.805,
PAL0708,Anvers,Biscoe,"Adult, 1 Egg Stage",NP40,Yes,10/12/2007,50.32,16.3,183.98,5626,MALE,8.92926,-26.45562,
PAL0708,Anvers,Torgersen,"Adult, 1 Egg Stage",N10A1,Yes,16/11/2007,39.83,12.39,191.09,5129,FEMALE,8.47827,-25.23319,
PAL0910,Anvers,Torgersen,"Adult, 1 Egg Stage",NP59,Yes,29/12/2007,54.99,12.98,191.3,3023,FEMALE,7.5987,-26.45244,
PAL0708,Anvers,Biscoe,"Adult, 1 Egg Stage",NP100,No,08/02/2008,54.04,11.82,190.16,3743,FEMALE,8.01374,-25.86856,Sexing primers did not amplify.
PAL0910,Anvers,Dream,"Adult, 1 Egg Stage",NP36,No,06/12/2007,31.94,13.89,186.64,5283,MALE,7.21773,-25.71371,
PAL0809,Anvers,Biscoe,"Adult, 1 Egg Stage",NP91,Yes,30/01/2008,38.71,12.19,183.55,5298,FEMALE,8.5046,-25.89104,Sexing primers did not amplify.
PAL0910,Anvers,Biscoe,"Adult, 1 Egg Stage",NP94,Yes,02/02/2008,40.39,14.24,184.56,5022,,7.2874,-25.65739,
PAL0910,Anvers,Dream,"Adult, 1 Egg Stage",N78A1,Yes,16/11/2009,37.32,13.86,184.11,4759,FEMALE,8.75984,-25.97696,
PAL0809,Anvers,Biscoe,"Adult, 1 Egg Stage",N54A1,Yes,03/11/2008,56.53,12.13,199.19,3121,FEMALE,8.53018,-26.72751,
PAL0708,Anvers,Torgersen,"Adult, 1 Egg Stage",N9A2,Yes,12/11/2007,33.56,12.69,178.62,5973,MALE,8.67538,-25.13993,
PAL0809,Anvers,Biscoe,"Adult, 1 Egg Stage",N16A1,Yes,03/11/2008,52.04,11.75,195.48,3108,FEMALE,8.58319,-26.84415,
PAL0708,Anvers,Dream,"Adult, 1 Egg Stage",N69A2,Yes,26/11/2007,35.92,12.54,195.63,5820,MALE,9.0233,-24.38933,
PAL0708,Anvers,Biscoe,"Adult, 1 Egg Stage",N13A1,Yes,10/11/2007,46.93,19.3,213.64,4365,MALE,9.63954,-25.29856,
PAL0910,Anvers,Biscoe,"Adult, 1 Egg Stage",N20A1,Yes,18/11/2009,51.27,16.54,188.15,5673,MALE,8.03624,-26.06594,
PAL0708,Anvers,Dream,"Adult, 1 Egg Stage",N22A1,Yes,09/11/2007,52.63,21.75,212.63,5028,FEMALE,9.66523,-25.0602,
PAL0910,Anvers,Dream,"Adult, 1 Egg Stage",N92A2,Yes,23/11/2009,44.16,17.84,214.69,4781,MALE,9.93727,-24.59066,
PAL0708,Anvers,Biscoe,"Adult, 1 Egg Stage",NP57,No,27/12/2007,48,17.49,182.94,5907,FEMALE,7.5404,-24.6268,
PAL0910,Anvers,Biscoe,"Adult, 1 Egg Stage",N55A2,Yes,20/11/2009,49.25,15.95,184.31,5476,MALE,9.31735,-25.45171,
PAL0708,Anvers,Dream,"Adult, 1 Egg Stage",N62A1,Yes,26/11/2007,48.68,16.66,182.86,6093,MALE,9.29078,-24.7557,
PAL0708,Anvers,Torgersen,"Adult, 1 Egg Stage",NP33,No,03/12/2007,38.12,20.07,217.27,4031,FEMALE,8.64009,-26.69885,
PAL0809,Anvers,Biscoe,"Adult, 1 Egg Stage",N51A1,Yes,09/11/2008,47.62,19.51,220.63,4850,,8.24253,-26.8154,Sexing primers did not amplify.
PAL0708,Anvers,Torgersen,"Adult, 1 Egg Stage",NP38,No,08/12/2007,48.19,16.7,182.64,5666,FEMALE,8.72069,-24.4632,
PAL0708,Anvers,Torgersen,"Adult, 1 Egg Stage",N4A2,No,15/11/2007,40.26,18.26,221.4,4693,MALE,9.4606,-24.89958,Nest never observed with full clutch.
PAL0708,Anvers,Dream,"Adult, 1 Egg Stage",N66A2,Yes,28/11/2007,45.4,18.99,198.94,4475,MALE,8.63701,-24.84059,
PAL0910,Anvers,Biscoe,"Adult, 1 Egg Stage",N29A2,Yes,09/11/2009,40.58,10.78,182.69,5501,MALE,8.45738,-26.22664,
PAL0708,Anvers,Torgersen,"Adult, 1 Egg Stage",N5A1,Yes,09/11/2007,44.79,16.08,201.52,4228,,,,No blood sample obtained.
PAL0809,Anvers,Biscoe,"Adult, 1 Egg Stage",NP11,Yes,11/11/2007,40.09,16.7,211.15,4968,MALE,7.25147,-24.40955,
PAL0708,Anvers,Biscoe,"Adult, 1 Egg Stage",N38A2,Yes,03/12/2007,44.67,17.11,215.81,4723,MALE,8.07137,-25.52473,
PAL0809,Anvers,Dream,"Adult, 1 Egg Stage",N50A2,Yes,10/11/2008,39.9,10.94,186.04,5599,MALE,8.97025,-26.03679,
PAL0708,Anvers,Biscoe,"Adult, 1 Egg Stage",N46A2,Yes,29/11/2007,49.62,16.9,185.3,5895,MALE,7.92358,-25.48383,
PAL0809,Anvers,Dream,"Adult, 1 Egg Stage",N72A2,No,24/11/2008,53.19,12.59,186.68,2500,MALE,10.02544,-24.90816,Nest never observed with full clutch.
PAL0910,Anvers,Biscoe,"Adult, 1 Egg Stage",N34A1,Yes,27/11/2009,37.53,10.94,183.12,5460,FEMALE,8.21634,-26.11046,
PAL0708,Anvers,Biscoe,"Adult, 1 Egg Stage",N41A1,Yes,27/11/2007,46.45,16.61,188.74,5818,MALE,7.8962,-25.37746,
PAL0708,Anvers,Biscoe,"Adult, 1 Egg Stage",N11A2,Yes,12/11/2007,53.65,12.67,187.96,2930,MALE,8.66271,-25.0639,
PAL0809,Anvers,Biscoe,"Adult, 1 Egg Stage",N15A1,Yes,04/11/2008,56.4,14.15,190.91,3088,FEMALE,8.48789,-26.83006,
PAL0910,Anvers,Torgersen,"Adult, 1 Egg Stage",NP22,Yes,22/11/2007,47.9,19.68,220.7,5511,FEMALE,8.39157,-26.31077,
PAL0708,Anvers,Biscoe,"Adult, 1 Egg Stage",N39A1,Yes,27/11/2007,55.84,13.98,189.97,3190,FEMALE,7.63884,-25.52627,
PAL0910,Anvers,Biscoe,"Adult, 1 Egg Stage",N34A2,Yes,27/11/2009,32.69,10.61,182.15,5329,MALE,8.78557,-25.76147,
PAL0910,Anvers,Torgersen,"Adult, 1 Egg Stage",N69A2,Yes,18/11/2009,55.81,12.91,193.29,3581,MALE,9.22537,-25.60826,
PAL0809,Anvers,Dream,"Adult, 1 Egg Stage",N45A2,Yes,14/11/2008,38.57,18.52,210.93,4181,MALE,8.77018,-25.83352,
PAL0708,Anvers,Biscoe,"Adult, 1 Egg Stage",N42A1,Yes,27/11/2007,52.43,16.53,185.73,5992,FEMALE,7.90436,-25.3947,
PAL0809,Anvers,Biscoe,"Adult, 1 Egg Stage",N27A2,Yes,13/11/2008,53.77,16.86,184.54,5863,MALE,8.74802,-26.37809,
PAL0910,Anvers,Biscoe,"Adult, 1 Egg Stage",N6A2,Yes,15/11/2009,53.67,12.49,189.17,3098,MALE,8.20042,-26.39677,
PAL0708,Anvers,Dream,"Adult, 1 Egg Stage",NP93,No,01/02/2008,44.12,18.58,215.2,3485,FEMALE,7.36614,-24.61902,
PAL0910,Anvers,Dream,"Adult, 1 Egg Stage",N86A2,Yes,17/11/2009,43.41,19.56,216.59,4953,MALE,9.45827,-24.35575,
PAL0708,Anvers,Torgersen,"Adult, 1 Egg Stage",N6A1,Yes,09/11/2007,51.11,18.36,182.09,5322,,8.63243,-25.21315,No blood sample obtained for sexing.
PAL0809,Anvers,Dream,"Adult, 1 Egg Stage",N44A2,Yes,08/11/2008,51.79,19.77,205.54,4864,FEMALE,8.36936,-26.11199,
PAL0708,Anvers,Torgersen,"Adult, 1 Egg Stage",N9A1,Yes,12/11/2007,56.67,12.76,195.87,3703,FEMALE,9.18528,-25.06691,
PAL0910,Anvers,Dream,"Adult, 1 Egg Stage",N81A2,Yes,16/11/2009,48.46,17.13,183.74,5735,MALE,9.05674,-25.79529,
PAL0708,Anvers,Torgersen,"Adult, 1 Egg Stage",NP90,Yes,29/01/2008,46.96,17.47,185.99,5606,MALE,7.1417,-24.31949,Not enough blood for isotopes.
PAL0809,Anvers,Dream,"Adult, 1 Egg Stage",N63A1,Yes,24/11/2008,56.17,12.1,186.3,2513,FEMALE,9.08458,-24.54903,
PAL0910,Anvers,Biscoe,"Adult, 1 Egg Stage",N14A2,Yes,25/11/2009,49.76,15.87,184.96,5815,MALE,8.27595,-26.11657,
PAL0708,Anvers,Dream,"Adult, 1 Egg Stage",NP43,Yes,13/12/2007,54.72,11.55,190.02,3056,MALE,7.13154,-26.84114,
PAL0809,Anvers,Biscoe,"Adult, 1 Egg Stage",N13A2,Yes,04/11/2008,42.58,20.15,225.82,4560,MALE,8.39867,-26.79358,
PAL0910,Anvers,Torgersen,"Adult, 1 Egg Stage",NP52,Yes,22/12/2007,49.57,16.79,186.18,5842,,9.2401,-25.55652,
PAL0809,Anvers,Biscoe,"Adult, 1 Egg Stage",NP19,Yes,19/11/2007,,11.75,185.11,5550,,7.90854,-24.28685,
PAL0910,Anvers,Dream,"Adult, 1 Egg Stage",N76A1,Yes,10/11/2009,54.8,12.39,191.1,3595,FEMALE,8.98705,-25.57647,
PAL0910,Anvers,Biscoe,"Adult, 1 Egg Stage",N43A1,Yes,22/11/2009,48.92,16.91,184.57,5172,FEMALE,8.24246,-26.11969,
PAL0809,Anvers,Torgersen,"Adult, 1 Egg Stage",NP37,Yes,07/12/2007,51.98,11.24,196.53,3228,FEMALE,8.65893,-24.26359,
